{"cameraMode":{"drawMode":0,"name":"Shaded","section":"Shading Mode"},"sceneLighting":false,"audioPlay":false,"sceneViewState":{"m_AlwaysRefresh":false,"showFog":true,"showSkybox":true,"showFlares":true,"showImageEffects":true,"showParticleSystems":true,"showVisualEffectGraphs":true,"m_FxEnabled":true},"in2DMode":false,"pivot":{"x":532.1444091796875,"y":297.20318603515627,"z":-0.7430939674377441},"rotation":{"x":-0.02100653573870659,"y":0.011694046668708325,"z":-0.00024583248887211084,"w":-0.9997144341468811},"size":286.85693359375,"orthographic":false}